num,name,nameFull,birthCity,birthPrv,rise,reignStart,reignEnd,cause,killer,dynasty,era,ageReignStart,ageReignEnd,ageDeath,reignDuration,deathTill,birthYear,deathYear
1,Augustus,IMPERATOR CAESAR DIVI FILIVS AVGVSTVS,Rome,Italia,Birthright,"January 16, 26 BC","August 19, 14 AD",Assassination,Wife,Julio-Claudian,Principate,12899,27724,27724,14825,14825,63 BC,14 AD
2,Tiberius,TIBERIVS CAESAR DIVI AVGVSTI FILIVS AVGVSTVS,Rome,Italia,Birthright,"September 18, 14 AD","March 16, 37 AD",Assassination,Other Emperor,Julio-Claudian,Principate,20030,28245,28245,8215,8215,42 BC,37 AD
3,Caligula,GAIVS IVLIVS CAESAR AVGVSTVS GERMANICVS,Antitum,Italia,Birthright,"March 18, 37 AD","January 24, 41 AD",Assassination,Senate,Julio-Claudian,Principate,8965,10373,10373,1408,1408,12 AD,41 AD
4,Claudius,TIBERIVS CLAVDIVS CAESAR AVGVSTVS GERMANICVS,Lugdunum,Gallia Lugdunensis,Birthright,"January 25, 41 AD","October 13, 54 AD",Assassination,Wife,Julio-Claudian,Principate,18075,23084,23084,5009,5009,10 BC,54 AD
5,Nero,NERO CLAVDIVS CAESAR AVGVSTVS GERMANICVS,Antitum,Italia,Birthright,"October 13, 54 AD","June 09, 68 AD",Suicide,Senate,Julio-Claudian,Principate,6146,11134,11134,4988,4988,37 AD,68 AD
6,Galba,SERVIVS SVLPICIVS GALBA CAESAR AVGVSTVS,Terracina,Italia,Seized Power,"June 08, 68 AD","January 15, 69 AD",Assassination,Other Emperor,Flavian,Principate,25369,25590,25590,221,221,3 BC,69 AD
7,Otho,MARCVS SALVIVS OTHO CAESAR AVGVSTVS,Terentinum,Italia,Appointment by Praetorian Guard,"January 15, 69 AD","April 16, 69 AD",Suicide,Other Emperor,Flavian,Principate,13411,13502,13502,91,91,32 AD,69 AD
8,Vitellius,AVLVS VITELLIVS GERMANICVS AVGVSTVS,Rome,Italia,Seized Power,"April 17, 69 AD","December 20, 69 AD",Assassination,Other Emperor,Flavian,Principate,19564,19811,19811,247,247,15 AD,69 AD
9,Vespasian,TITVS FLAVIVS CAESAR VESPASIANVS AVGVSTVS,Falacrine,Italia,Seized Power,"December 21, 69 AD","June 24, 79 AD",Natural Causes,Disease,Flavian,Principate,21949,25421,25421,3472,3472,09 AD,79 AD
10,Titus,TITVS FLAVIVS CAESAR VESPASIANVS AVGVSTVS,Rome,Italia,Birthright,"June 24, 79 AD","September 13, 81 AD",Natural Causes,Disease,Flavian,Principate,14421,15233,15233,812,812,39 AD,81 AD
11,Domitian,TITVS FLAVIVS CAESAR DOMITIANVS AVGVSTVS,Rome,Italia,Birthright,"September 14, 81 AD","September 18, 96 AD",Assassination,Court Officials,Flavian,Principate,10918,16401,16401,5483,5483,51 AD,96 AD
12,Nerva,MARCVS COCCEIVS NERVA CAESAR AVGVSTVS,Narni,Italia,Appointment by Senate,"September 18, 96 AD","January 27, 98 AD",Natural Causes,Disease,Nerva-Antonine,Principate,24056,24552,24552,496,496,30 AD,98 AD
13,Trajan,CAESAR MARCVS VLPIVS NERVA TRAIANVS AVGVSTVS,Italica,Hispania Baetica,Birthright,"January 28, 98 AD","August 07, 17 AD",Natural Causes,Disease,Nerva-Antonine,Principate,16203,23333,23333,7130,7130,53 AD,17 AD
14,Hadrian,CAESAR PVBLIVS AELIVS TRAIANVS HADRIANVS AVGVSTVS,Italica,Hispania Baetica,Birthright,"August 11, 17 AD","July 10, 38 AD",Natural Causes,Heart Failure,Nerva-Antonine,Principate,15174,22812,22812,7638,7638,76 AD,38 AD
15,Antonius Pius,CAESAR TITVS AELIVS HADRIANVS ANTONINVS AVGVSTVS PIVS,Lanuvium,Italia,Birthright,"July 10, 38 AD","March 07, 61 AD",Natural Causes,Disease,Nerva-Antonine,Principate,18921,27197,27197,8276,8276,86 AD,61 AD
16,Marcus Aurelius,CAESAR MARCVS AVRELIVS ANTONINVS AVGVSTVS,Rome,Italia,Birthright,"March 07, 61 AD","March 17, 80 AD",Natural Causes,Disease,Nerva-Antonine,Principate,14560,21510,21510,6950,6950,21 AD,80 AD
17,Lucius Verus,CAESAR LVCIVS AVRELIVS VERVS AVGVSTVS,Rome,Italia,Birthright,"March 07, 61 AD","March 15, 69 AD",Natural Causes,Disease,Nerva-Antonine,Principate,11040,13970,13970,2930,2930,30 AD,69 AD
18,Commodus,CAESAR MARCVS AVRELIVS COMMODVS ANTONINVS AVGVSTVS,Lanuvium,Italia,Birthright,"January 01, 77 AD","December 31, 92 AD",Assassination,Praetorian Guard,Nerva-Antonine,Principate,5602,11445,11445,5843,5843,61 AD,92 AD
19,Pertinax,CAESAR PVBLIVS HELVIVS PERTINAX AVGVSTVS,Alba,Italia,Appointment by Praetorian Guard,"January 01, 93 AD","March 28, 93 AD",Assassination,Praetorian Guard,Severan,Principate,24260,24346,24346,86,86,26 AD,93 AD
20,Didius Julianus,CAESAR MARCVS DIDIVS SEVERVS IVLIANVS AVGVSTVS,Milan,Italia,Purchase,"March 28, 93 AD","July 01, 93 AD",Execution,Senate,Severan,Principate,21972,22067,22067,95,95,33 AD,93 AD
21,Septimus Severus,CAESAR LVCIVS SEPTIMIVS SEVERVS PERTINAX AVGVSTVS,Leptis Magna,Libya,Seized Power,"April 09, 93 AD","February 04, 11 AD",Natural Causes,Disease,Severan,Principate,17530,24039,24039,6509,6509,45 AD,11 AD
22,Caracalla,CAESAR MARCVS AVRELIVS SEVERVS ANTONINVS PIVS AVGVSTVS,Lugdunum,Gallia Lugdunensis,Birthright,"January 01, 98 AD","April 08, 17 AD",Assassination,Other Emperor,Severan,Principate,3559,10595,10595,7036,7036,88 AD,17 AD
23,Geta,CAESAR PVBLIVS SEPTIMIVS GETA AVGVSTUS,Rome,Italia,Birthright,"January 01, 09 AD","December 26, 11 AD",Assassination,Other Emperor,Severan,Principate,7239,8328,8321,1089,1082,89 AD,11 AD
24,Macrinus,MARCVS OPELLIVS SEVERVS MACRINVS AVGVSTVS PIVS FELIX,Iol Caesarea,Mauretania,Seized Power,"April 11, 17 AD","June 08, 18 AD",Execution,Other Emperor,Severan,Principate,19092,19515,19515,423,423,65 AD,18 AD
25,Elagabalus,MARCVS AVRELIVS ANTONINVS AVGVSTVS,Emesa,Syria,Birthright,"June 08, 18 AD","March 11, 22 AD",Assassination,Praetorian Guard,Severan,Principate,5637,7009,7009,1372,1372,03 AD,22 AD
26,Severus Alexander,CAESAR MARCVS AVRELIVS SEVERVS ALEXANDER AVGVSTVS,Arca Caesarea,Syria,Birthright,"March 13, 22 AD","March 18, 35 AD",Assassination,Own Army,Severan,Principate,4911,9664,9664,4753,4753,08 AD,35 AD
27,Maximinus I,CAESAR GAIVS IVLIVS VERVS MAXIMINVS AVGVSTVS,NA,Thrace,Appointment by Praetorian Guard,"March 20, 35 AD","June 15, 38 AD",Assassination,Praetorian Guard,Gordian,Principate,22722,23905,23905,1183,1183,73 AD,38 AD
28,Gordian I,CAESAR MARCVS ANTONIVS GORDIANVS SEMPRONIANVS AFRICANVS AVGVSTVS,NA,Phrygia,Appointment by Senate,"March 22, 38 AD","April 12, 38 AD",Suicide,Other Emperor,Gordian,Principate,28934,28955,28955,21,21,59 AD,38 AD
29,Gordian II,CAESAR MARCVS ANTONIVS GORDIANVS SEMPRONIANVS ROMANVS AFRICANVS AVGVSTVS,NA,Unknown,Appointment by Senate,"March 22, 38 AD","April 12, 38 AD",Execution,Other Emperor,Gordian,Principate,16881,16902,16902,21,21,92 AD,38 AD
30,Pupienus,CAESAR MARCVS CLODIVS PVPIENVS MAXIMVS AVGVSTVS,NA,Unknown,Appointment by Senate,"April 22, 38 AD","July 29, 38 AD",Assassination,Praetorian Guard,Gordian,Principate,22025,22123,22123,98,98,78 AD,38 AD
31,Balbinus,CAESAR DECIMVS CAELIVS CALVINVS BALBINVS PIVS AVGVSTVS,NA,Unknown,Appointment by Senate,"April 22, 38 AD","July 29, 38 AD",Assassination,Praetorian Guard,Gordian,Principate,22025,22123,22123,98,98,78 AD,38 AD
32,Gordian III,CAESAR MARCVS ANTONIVS GORDIANVS AVGVSTVS,Rome,Italia,Appointment by Senate,"April 22, 38 AD","February 11, 44 AD",Died in Battle,Opposing Army,Gordian,Principate,4840,6961,6961,2121,2121,25 AD,44 AD
33,Philip I,CAESAR MARCVS IVLIVS PHILIPPVS AVGVSTVS,Shahba,Syria,Seized Power,"February 14, 44 AD","October 01, 49 AD",Execution,Other Emperor,Gordian,Principate,14654,16710,16710,2056,2056,04 AD,49 AD
34,Trajan Decius,CAESAR GAIVS MESSIVS QVINTVS TRAIANVS DECIVS AVGVSTVS,Budalia,Pannonia Inferior,Appointment by Army,"October 01, 49 AD","June 15, 51 AD",Died in Battle,Opposing Army,Gordian,Principate,17805,18427,18427,622,622,01 AD,51 AD
35,Hostilian,CAESAR CAIVS VALENS HOSTILIANVS MESSIVS QVINTVS AVGVSTVS,Sirmium,Pannonia,Birthright,"June 15, 51 AD","October 01, 51 AD",Natural Causes,Disease,Gordian,Principate,7835,7943,7943,108,108,30 AD,51 AD
36,Trebonianus Gallus,CAESAR GAIVS VIBIVS TREBONIANVS GALLVS AVGVSTVS,NA,Italia,Appointment by Army,"June 15, 51 AD","August 15, 53 AD",Assassination,Other Emperor,Gordian,Principate,16601,17393,17393,792,792,06 AD,53 AD
37,Aemilian,CAESAR MARCVS AEMILIVS AEMILIANVS AVGVSTVS,NA,Africa,Appointment by Army,"August 15, 53 AD","October 15, 53 AD",Assassination,Other Emperor,Gordian,Principate,17028,17089,17089,61,61,07 AD,53 AD
38,Valerian,CAESAR PVBLIVS LICINIVS VALERIANVS AVGVSTVS,NA,Unknown,Appointment by Army,"October 15, 53 AD","January 01, 60 AD",Captivity,Opposing Army,Gordian,Principate,21471,23740,25201,2269,3730,95 AD,64 AD
39,Gallienus,CAESAR PVBLIVS LICINIVS EGNATIVS GALLIENVS AVGVSTVS,NA,Unknown,Birthright,"October 15, 53 AD","September 15, 68 AD",Assassination,Own Army,Gordian,Principate,13071,18520,18520,5449,5449,18 AD,68 AD
40,Claudius Gothicus,CAESAR MARCVS AVRELIVS CLAVDIVS AVGVSTVS,Sirmium,Pannonia,Seized Power,"September 15, 68 AD","January 15, 70 AD",Natural Causes,Disease,Gordian,Principate,20217,20704,20704,487,487,13 AD,70 AD
41,Quintillus,CAESAR MARCVS AVRELIVS CLAVDIVS QVINTILLVS AVGVSTVS,Sirmium,Pannonia,Birthright,"January 15, 70 AD","April 15, 70 AD",Unknown,Unknown,Gordian,Principate,21199,21289,21289,90,90,12 AD,70 AD
42,Aurelian,CAESAR LVCIVS DOMITIVS AVRELIANVS AVGVSTVS,Sirmium,Pannonia,Appointment by Army,"September 15, 70 AD","September 15, 75 AD",Assassination,Praetorian Guard,Gordian,Principate,20460,22286,22286,1826,1826,14 AD,75 AD
43,Tacitus,CAESAR MARCVS CLAVDIVS<U+00A0>TACITVS AVGVSTVS,Interamna Nahars,Italia,Appointment by Senate,"September 25, 75 AD","June 15, 76 AD",Natural Causes,Disease,Gordian,Principate,27660,27924,27924,264,264,00 AD,76 AD
44,Florian,CAESAR MARCVS ANNIVS FLORIANVS AVGVSTVS,NA,Unknown,Birthright,"June 15, 76 AD","September 15, 76 AD",Assassination,Own Army,Gordian,Principate,NA,NA,NA,92,92,NA,76 AD
45,Probus,CAESAR MARCVS AVRELIVS PROBVS AVGVSTVS,Sirmium,Pannonia,Appointment by Army,"September 15, 76 AD","October 01, 82 AD",Assassination,Own Army,Gordian,Principate,16098,18305,18305,2207,2207,32 AD,82 AD
46,Carus,CAESAR MARCVS AVRELIVS CARVS AVGVSTVS,Narbo,Gallia Narbonensis,Seized Power,"October 01, 82 AD","August 01, 83 AD",Natural Causes,Lightning,Gordian,Principate,19266,19570,19570,304,304,30 AD,83 AD
47,Numerian,CAESAR MARCVS AVRELIVS NVMERIVS NVMERIANVS AVGVSTVS,NA,Unknown,Birthright,"August 01, 83 AD","November 20, 84 AD",Unknown,Unknown,Gordian,Principate,NA,NA,NA,477,477,NA,84 AD
48,Carinus,CAESAR MARCVS AVRELIVS CARINVS AVGVSTVS,NA,Unknown,Birthright,"August 01, 83 AD","August 01, 85 AD",Died in Battle,Opposing Army,Gordian,Principate,NA,NA,NA,731,731,NA,85 AD
49,Diocletian,CAESAR GAIVS AVRELIVS VALERIVS DIOCLETIANVS AVGVSTVS,Salona,Dalmatian,Seized Power,"November 20, 84 AD","May 01, 05 AD",Natural Causes,Disease,Constantinian,Dominate,14578,22044,24451,7466,9873,44 AD,11 AD
50,Maximian,CAESAR MARCVS AVRELIVS VALERIVS MAXIMIANVS AVGVSTVS,Sirmium,Pannonia,Appointment by Emperor,"April 01, 86 AD","May 01, 05 AD",Suicide,Other Emperor,Constantinian,Dominate,13239,20208,22109,6969,8870,50 AD,10 AD
51,Constantius I,CAESAR GAIVS FLAVIVS VALERIVS CONSTANTIVS AVGVSTVS,Dardania,Moesia,Appointment by Emperor,"May 01, 05 AD","July 25, 06 AD",Natural Causes,Unknown,Constantinian,Dominate,20119,20569,20569,450,450,50 AD,06 AD
52,Galerius,CAESAR GALERIVS VALERIVS MAXIMIANVS AVGVSTVS,Romuliana,Moesia Superior,Appointment by Emperor,"May 01, 05 AD","May 01, 11 AD",Natural Causes,Disease,Constantinian,Dominate,16556,18747,18747,2191,2191,60 AD,11 AD
53,Severus II,FLAVIVS VALERIVS SEVERVS AVGVSTVS,NA,Unknown,Appointment by Emperor,"May 01, 05 AD","September 16, 07 AD",Assassination,Other Emperor,Constantinian,Dominate,NA,NA,NA,868,868,NA,07 AD
54,Constantine the Great,CAESAR FLAVIVS VALERIVS AVRELIVS CONSTANTINVS AVGVSTVS,Naissus,Moesia Superior,Birthright,"July 25, 06 AD","May 22, 37 AD",Natural Causes,Disease,Constantinian,Dominate,12566,23825,23825,11259,11259,72 AD,37 AD
55,Maxentius,MARCVS AVRELIVS VALERIVS MAXENTIVS AVGVSTVS,NA,Unknown,Birthright,"October 08, 06 AD","October 08, 12 AD",Execution,Other Emperor,Constantinian,Dominate,10506,12698,12698,2192,2192,78 AD,12 AD
56,Maximinus II,CAESAR GALERIVS VALERIVS MAXIMINVS AVGVSTVS,NA,Dacia Aureliana,Birthright,"May 01, 11 AD","August 01, 13 AD",Execution,Other Emperor,Constantinian,Dominate,14771,15594,15594,823,823,70 AD,13 AD
57,Lucinius I,CAESAR GAIVS VALERIVS LICINIVS AVGVSTVS,Felix Romuliana,Moesia Superior,Birthright,"November 11, 08 AD","September 18, 24 AD",Execution,Other Emperor,Constantinian,Dominate,21498,27288,27452,5790,5954,50 AD,25 AD
58,Constantine II,CAESAR FLAVIVS CLAVDIVS CONSTANTINVS AVGVSTVS,Arelate,Gallia Narbonensis,Birthright,"May 22, 37 AD","January 01, 40 AD",Execution,Other Emperor,Constantinian,Dominate,7781,8735,8735,954,954,16 AD,40 AD
59,Consantius II,CAESAR FLAVIVS IVLIVS CONSTANTIVS AVGVSTVS,Sirmium,Pannonia,Birthright,"May 22, 37 AD","November 03, 61 AD",Natural Causes,Disease,Constantinian,Dominate,7228,16159,16159,8931,8931,17 AD,61 AD
60,Constans,CAESAR FLAVIVS IVLIVS CONSTANS AVGVSTVS,NA,Moesia,Birthright,"May 22, 37 AD","February 14, 50 AD",Assassination,Usurper,Constantinian,Dominate,6351,11002,11002,4651,4651,20 AD,50 AD
61,Vetranio,CAESAR FLAVIVS VETRANIO AVGVSTVS,NA,Moesia,Seized Power,"March 01, 50 AD","December 25, 50 AD",Unknown,Unknown,Constantinian,Dominate,NA,NA,NA,299,2132,NA,56 AD
62,Julian,CAESAR FLAVIVS CLAVDIVS IVLIANVS AVGVSTVS,Constantinople,Thrace,Birthright,"February 14, 60 AD","June 26, 63 AD",Died in Battle,Opposing Army,Constantinian,Dominate,10455,11683,11683,1228,1228,31 AD,63 AD
63,Jovian,CAESAR FLAVIVS IOVIANVS AVGVSTVS,Singidunum,Moesia,Appointment by Army,"June 26, 63 AD","February 17, 64 AD",Natural Causes,Fire,Constantinian,Dominate,11864,12100,12100,236,236,31 AD,64 AD
64,Valentinian I,FLAVIVS VALENTINIANVS AVGVSTVS,Cibalae,Pannonia,Election,"February 26, 64 AD","November 17, 75 AD",Natural Causes,Aneurism,Valentinian,Dominate,15578,19860,19860,4282,4282,21 AD,75 AD
65,Valens,FLAVIVS IVLIVS VALENS AVGVSTVS,Cibalae,Pannonia,Birthright,"March 28, 64 AD","August 09, 78 AD",Died in Battle,Opposing Army,Valentinian,Dominate,13236,18483,18483,5247,5247,28 AD,78 AD
66,Gratian,FLAVIVS GRATIANVS AVGVSTVS,Sirmium,Pannonia,Birthright,"August 04, 67 AD","August 25, 83 AD",Assassination,Own Army,Valentinian,Dominate,3030,8895,8895,5865,5865,59 AD,83 AD
67,Valentinian II,FLAVIVS VALENTINIANVS INVICTVS AVGVSTVS,Milan,Italia,Birthright,"November 17, 75 AD","May 15, 92 AD",Suicide,Unknown,Valentinian,Dominate,1781,7805,7805,6024,6024,71 AD,92 AD
68,Theodosius I,FLAVIVS THEODOSIVS AVGVSTVS,Cauca,Hispania,Birthright,"January 01, 79 AD","January 17, 95 AD",Natural Causes,Disease,Theodosian,Dominate,11678,17538,17538,5860,5860,47 AD,95 AD
